Top pages,Clicks,Impressions,CTR,Position
https://digitalopsystems.com/,0,139,0%,55.01
https://digitalopsystems.com/baton-rouge.html,0,119,0%,84.69
https://digitalopsystems.com/websites.html,0,27,0%,54.96
https://digitalopsystems.com/ai-helper.html,0,16,0%,36.38
https://digitalopsystems.com/crm.html,0,8,0%,26.38
https://digitalopsystems.com/contact.html,0,7,0%,135.43
https://digitalopsystems.com/about.html,0,5,0%,21.8
https://digitalopsystems.com/search-ai.html,0,3,0%,7
https://digitalopsystems.com/for-barbershops.html,0,2,0%,6
https://digitalopsystems.com/projects.html,0,1,0%,2
https://digitalopsystems.com/blog/2026-06-06-what-to-expect-here.html,0,1,0%,9
https://digitalopsystems.com/blog/2026-06-06-four-things-small-business-website-needs.html,0,1,0%,10