Top queries,Clicks,Impressions,CTR,Position
digitalops,0,37,0%,21
digital ops,0,27,0%,50.11
digital systems and operations,0,25,0%,92.12
seo baton rouge,0,22,0%,83.82
seo management baton rouge,0,22,0%,84.59
baton rouge online marketing,0,18,0%,87.44
search engine optimization baton rouge,0,13,0%,88
baton rouge online marketing company,0,12,0%,96.67
baton rouge search engine optimization,0,11,0%,84.55
digital helper,0,9,0%,55.67
ops digital,0,7,0%,60
digital operating solutions,0,6,0%,53.17
online marketing baton rouge,0,6,0%,91.5
digital operations solutions,0,6,0%,98.67
digital operations center,0,5,0%,82.4
digital operations services,0,5,0%,98.6
digital operate,0,4,0%,76.5
digital operations software,0,4,0%,97.25
digital fixed ops,0,3,0%,85.67
digital site and operations solutions,0,2,0%,18.5
ops systems,0,2,0%,38.5
ops crm,0,2,0%,53.5
online marketing services baton rouge,0,2,0%,73
baton rouge online marketing companies,0,2,0%,96.5
leading digital ops ai platform for enterprise,0,2,0%,97.5
digital operations platform,0,2,0%,99.5
digital marketing,0,1,0%,1
digital marketing agency,0,1,0%,1
website,0,1,0%,1
website designer,0,1,0%,41
website designer near me,0,1,0%,41
digi ops,0,1,0%,53
digital bizops,0,1,0%,53
digital os,0,1,0%,68
digiops,0,1,0%,90
online review management baton rouge,0,1,0%,93
digital operation,0,1,0%,97